s/J.Smart@ed.ac.uk/??/
s/gerd@uni-koblenz.de/??/
s/Meijer@rulfsw.fsw.LeidenUniv.nl/??/
s/wl@gnu.org/xlwy01@uxp1.hrz.uni-dortmund.de/
s/weissert@SJUPHIL.SJU.EDU/Tom@Weissert.net/
s/mehlich@informatik.uni-muenchen.de/mmehlich@semdesigns.com/
s/eijkhout@math.ucla.edu/victor@eijkhout.net/
s/ca_rowley@vax.acs.open.ac.uk/c.a.rowley@open.ac.uk/
s/B.Jackowski@gust.s.org.pl/B.Jackowski@gust.org.pl/
s/P.Pianowski@gusts.org.pl/P.Pianowski@gust.org.pl/
s/mittelbach@mzdmza.zdv.uni-mainz.de/Frank.Mittelbach@Uni-Mainz.de/
s/mcjones@pa.dec.com/paul.mcjones@acm.org/
s/h.harders@tu-bs.de/Harald.Harders@dlr.de/
s/pwilson@cme.nist.gov/peter.r.wilson@boeing.com/
s/wikner@ariel.nac.ac.za/wikner@nac.ac.za/
s/vitus@agropc.msk.su/vitus@ice.ru/
s/greg@bic.mni.mcgill.ca/gward@python.net/
s/mittelbach@mzdmza.zdv.uni-mainz.de/frank.mittelbach@latex-project.org/
s/fbraun@rz.uni-potsdam.de/fbraun@atdot.org/
s/david@dcarlisle.demon.co.uk/david.carlisle@latex-project.org/
s/davidc@nag.co.uk/david.carlisle@latex-project.org/
s/rf@cl.cam.ac.uk/rf10@cam.ac.uk/
s/robin.fairbairns@cl.cam.ac.uk/rf10@cam.ac.uk/
s/robin@lsl.co.uk/rf10@cam.ac.uk/